{"coefficients": [[2.0154696270580836, 1.5449854287266727, 1.5290382591105647, 1.899004636073612, 2.1467337833153946, 2.0369718967815613, 1.628192459732226, 1.6237768982798595, 2.1901178162164308, 1.3437039426275752, -0.032699805204448935]], "intercept": [-12.002318964672076]}