{"coefficients": [[1.948746233914692, 1.4863698334939555, 1.5155428150554977, 1.7651194683150793, 2.161442165602005, 2.080913811400148, 1.7278466698166042, 1.580878238154922, 2.2467264606089445, 1.1903624442761693, -0.5920737264067574, 0.30770751132940005, -0.03808751728555378]], "intercept": [-11.561562039963992]}